p.value	q.value	complex_name	source	members_input_overlap	members_input_overlap_geneids	size	effective_size
1.03580660934e-05	0.000165729057494	PDPK1:PIP3:PKC zeta	Reactome	PDPK1; PRKCZ	5170; 5590	2	2
0.000215309776324	0.00111864579535	Brg1-associated complex II	CORUM	SMARCC2; PRMT5	6601; 10419	7	7
0.000919781249607	0.00133786363579	emerin C32	PINdb	SMARCC2; RCOR1	6601; 23186	14	14
0.00171086021716	0.00182491756497	AF4.com	PINdb	CCNT2; HEXIM2	905; 124790	20	19
